magistratura,nombre,cargo,desde,hasta,designado_por,fuente
I,Edgar Enrique Larreondo Salguero,titular,1986,1991,Pleno del Congreso de la República de Guatemala,wikipedia:175473409
I,Gabriel Larios Ochaita,suplente,1986,1991,Pleno del Congreso de la República de Guatemala,wikipedia:175473409
I,Adolfo González Rodas,titular,1986,1991,Consejo Universitario Superior de la Universidad de San Carlos de Guatemala,wikipedia:175473409
I,Fernando Barillas Monzón,suplente,1986,1991,Consejo Universitario Superior de la Universidad de San Carlos de Guatemala,wikipedia:175473409
I,Edmundo Quiñónez Solorzano,titular,1986,1991,Asamblea General del Colegio de Abogados y Notarios de Guatemala,wikipedia:175473409
I,Edgar Alfredo Balsells Tojo,suplente,1986,1991,Asamblea General del Colegio de Abogados y Notarios de Guatemala,wikipedia:175473409
I,Héctor Horacio Zachrissom Descamps,titular,1986,1991,Pleno de la Corte Suprema de Justicia,wikipedia:175473409
I,Jorge Mario García Laguardia,suplente,1986,1991,Pleno de la Corte Suprema de Justicia,wikipedia:175473409
I,Alejandro Maldonado Aguirre,titular,1986,1991,Presidente de la República de Guatemala en Consejo de Ministros,wikipedia:175473409
I,José Roberto Serrano Alarcón,suplente,1986,1991,Presidente de la República de Guatemala en Consejo de Ministros,wikipedia:175473409
II,José Gabriel Larios Ochaita,titular,1991,1996,Pleno del Congreso de la República de Guatemala,wikipedia:175473409
II,José Antonio Monzón Juárez,suplente,1991,1996,Pleno del Congreso de la República de Guatemala,wikipedia:175473409
II,Adolfo González Rodas,titular,1991,1996,Consejo Universitario Superior de la Universidad de San Carlos de Guatemala,wikipedia:175473409
II,Ronán Arnoldo Roca Menénez,suplente,1991,1996,Consejo Universitario Superior de la Universidad de San Carlos de Guatemala,wikipedia:175473409
II,Eduardo Epaminondas González Dubón,titular,1991,1994,Asamblea General del Colegio de Abogados y Notarios de Guatemala,wikipedia:175473409
II,Mynor Pinto Acevedo,titular,1994,1996,Asamblea General del Colegio de Abogados y Notarios de Guatemala,wikipedia:175473409
II,Carlos Enrique Reynoso Gil,suplente,1991,1994,Asamblea General del Colegio de Abogados y Notarios de Guatemala,wikipedia:175473409
II,Jorge Mario García Laguardia,titular,1991,1993,Pleno de la Corte Suprema de Justicia,wikipedia:175473409
II,Edmundo Vásquez Martínez,titular,1993,1996,Pleno de la Corte Suprema de Justicia,wikipedia:175473409
II,Rodolfo Rohrmoser Valdeavellano,suplente,1991,1996,Pleno de la Corte Suprema de Justicia,wikipedia:175473409
II,Josefina Chacón de Machado,titular,1991,1994,Presidente de la República de Guatemala en Consejo de Ministros,wikipedia:175473409
II,Alma Beatriz Quiñónez López,titular,1994,1996,Presidente de la República de Guatemala en Consejo de Ministros,wikipedia:175473409
II,Ramiro López Nimatuj,suplente,1991,1996,Presidente de la República de Guatemala en Consejo de Ministros,wikipedia:175473409
III,Alejandro Maldonado Aguirre,titular,1996,2001,Pleno del Congreso de la República de Guatemala,wikipedia:175473409
III,José Rolando Quesada Fernández,suplente,1996,1999,Pleno del Congreso de la República de Guatemala,wikipedia:175473409
III,Óscar Hilario Comparini Alquijay,suplente,1999,2001,Pleno del Congreso de la República de Guatemala,wikipedia:175473409
III,José Arturo Sierra González,titular,1996,2001,Consejo Universitario Superior de la Universidad de San Carlos de Guatemala,wikipedia:175473409
III,Juan Francisco Flores Juárez,suplente,1996,1999,Consejo Universitario Superior de la Universidad de San Carlos de Guatemala,wikipedia:175473409
III,Héctor Efraín Trujillo Aldana,suplente,1999,2001,Consejo Universitario Superior de la Universidad de San Carlos de Guatemala,wikipedia:175473409
III,Rubén Homero López Mijangos,titular,1996,2001,Asamblea General del Colegio de Abogados y Notarios de Guatemala,wikipedia:175473409
III,Amado González Benítez,suplente,1996,2001,Asamblea General del Colegio de Abogados y Notarios de Guatemala,wikipedia:175473409
III,Luis Felipe Sáenz Juárez,titular,1996,2001,Pleno de la Corte Suprema de Justicia,wikipedia:175473409
III,Carmen María Gutiérrez Solé de Colmenares,suplente,1996,2001,Pleno de la Corte Suprema de Justicia,wikipedia:175473409
III,Concha Mazariegos Tobías,titular,1996,2001,Presidente de la República de Guatemala en Consejo de Ministros,wikipedia:175473409
III,Fernando José Quedada Toruño,suplente,1996,2001,Presidente de la República de Guatemala en Consejo de Ministros,wikipedia:175473409
IV,Nery Saúl Dighero Herrera,titular,2001,2006,Pleno del Congreso de la República de Guatemala,wikipedia:175473409
IV,Francisco José Palomo Tejeda,suplente,2001,2006,Pleno del Congreso de la República de Guatemala,wikipedia:175473409
IV,Cipriano Francisco Soto Tobar,titular,2001,2006,Consejo Universitario Superior de la Universidad de San Carlos de Guatemala,wikipedia:175473409
IV,Gloria Evangelina Melgar Rojas de Aguilar,suplente,2001,2006,Consejo Universitario Superior de la Universidad de San Carlos de Guatemala,wikipedia:175473409
IV,Juan Francisco Flores Juárez,titular,2001,2006,Asamblea General del Colegio de Abogados y Notarios de Guatemala,wikipedia:175473409
IV,Carlos Enrique Luna Villacorta,suplente,2001,2006,Asamblea General del Colegio de Abogados y Notarios de Guatemala,wikipedia:175473409
IV,Rodolfo Rohrmoser Valdeavellano,titular,2001,2006,Pleno de la Corte Suprema de Justicia,wikipedia:175473409
IV,Carlos Enrique Reynoso Gil,suplente,2001,2006,Pleno de la Corte Suprema de Justicia,wikipedia:175473409
IV,Mario Guillermo Ruiz Wong,titular,2001,2006,Presidente de la República de Guatemala en Consejo de Ministros,wikipedia:175473409
IV,Gilberto Romeo Alvarado Polanco,suplente,2001,2003,Presidente de la República de Guatemala en Consejo de Ministros,wikipedia:175473409
IV,Manuel de Jesús Flores Hernández,suplente,2003,2006,Presidente de la República de Guatemala en Consejo de Ministros,wikipedia:175473409
V,Alejandro Maldonado Aguirre,titular,2006,2011,Pleno del Congreso de la República de Guatemala,wikipedia:175473409
V,Hilario Roderico Pineda Sánchez,suplente,2006,2011,Pleno del Congreso de la República de Guatemala,wikipedia:175473409
V,Mario Ramiro Pérez Guerra,titular,2006,2011,Consejo Universitario Superior de la Universidad de San Carlos de Guatemala,wikipedia:175473409
V,Jorge Mario Álvarez Quirós,suplente,2006,2011,Consejo Universitario Superior de la Universidad de San Carlos de Guatemala,wikipedia:175473409
V,Gladys Elizabeth Chacón Corado,titular,2006,2011,Pleno de la Corte Suprema de Justicia,wikipedia:175473409
V,Vinicio Rafael García Pimentel,suplente,2006,2011,Pleno de la Corte Suprema de Justicia,wikipedia:175473409
V,Juan Francisco Flores Juárez,titular,2006,2011,Asamblea General del Colegio de Abogados y Notarios de Guatemala,wikipedia:175473409
V,Carlos Enrique Luna Villacorta,suplente,2006,2011,Asamblea General del Colegio de Abogados y Notarios de Guatemala,wikipedia:175473409
V,Roberto Molina Barreto,titular,2006,2011,Presidente de la República de Guatemala en Consejo de Ministros,wikipedia:175473409
V,José Rolando Quesada Fernández,suplente,2006,2011,Presidente de la República de Guatemala en Consejo de Ministros,wikipedia:175473409
VI,Alejandro Maldonado Aguirre,titular,2011,2015,Pleno del Congreso de la República de Guatemala,wikipedia:175473409
VI,María de Los Ángeles Araújo Bohr,suplente,2011,2016,Pleno del Congreso de la República de Guatemala,wikipedia:175473409
VI,Mauro Roderico Chacón Corado,titular,2011,2016,Consejo Universitario Superior de la Universidad de San Carlos de Guatemala,wikipedia:175473409
VI,Juan Carlos Medina Salas,suplente,2011,2016,Consejo Universitario Superior de la Universidad de San Carlos de Guatemala,wikipedia:175473409
VI,Héctor Hugo Pérez Aguilera,titular,2011,2016,Asamblea General del Colegio de Abogados y Notarios de Guatemala,wikipedia:175473409
VI,Ricardo Antonio Alvarado Sandoval,suplente,2011,2016,Asamblea General del Colegio de Abogados y Notarios de Guatemala,wikipedia:175473409
VI,Roberto Molina Barreto,titular,2011,2016,Pleno de la Corte Suprema de Justicia,wikipedia:175473409
VI,Carmen María Gutiérrez Solé de Colmenares,suplente,2011,2016,Pleno de la Corte Suprema de Justicia,wikipedia:175473409
VI,Gloria Patricia Porras Escobar,titular,2011,2016,Presidente de la República de Guatemala en Consejo de Ministros,wikipedia:175473409
VI,Héctor Efraín Trujillo Aldana,suplente,2011,2015,Presidente de la República de Guatemala en Consejo de Ministros,wikipedia:175473409
VII,Gloria Patricia Porras Escobar,titular,2016,2021,Pleno del Congreso de la República de Guatemala,wikipedia:175473409
VII,María de los Ángeles Araujo,suplente,2016,2021,Pleno del Congreso de la República de Guatemala,wikipedia:175473409
VII,José Francisco De Mata Vela,titular,2016,2021,Consejo Universitario Superior de la Universidad de San Carlos de Guatemala,wikipedia:175473409
VII,Mynor Par Usen,suplente,2016,2021,Consejo Universitario Superior de la Universidad de San Carlos de Guatemala,wikipedia:175473409
VII,Boanerje Amílcar Mejía Orellana,titular,2016,2020,Asamblea General del Colegio de Abogados y Notarios de Guatemala,wikipedia:175473409
VII,María Cristina Fernández,suplente,2016,2021,Asamblea General del Colegio de Abogados y Notarios de Guatemala,wikipedia:175473409
VII,Neftaly Aldana Herrera,titular,2016,2020,Pleno de la Corte Suprema de Justicia,wikipedia:175473409
VII,Roberto Molina Barreto,titular,2020,2021,Pleno de la Corte Suprema de Justicia,wikipedia:175473409
VII,María Consuelo Porras Argueta,suplente,2016,2018,Pleno de la Corte Suprema de Justicia,wikipedia:175473409
VII,Jorge Rolando Rosales Mirón,suplente,2020,2021,Pleno de la Corte Suprema de Justicia,wikipedia:175473409
VII,Dina Josefina Ochoa Escribá,titular,2016,2021,Presidente de la República de Guatemala en Consejo de Ministros,wikipedia:175473409
VII,Henry Philip Comte Velásquez,suplente,2016,2021,Presidente de la República de Guatemala en Consejo de Ministros,wikipedia:175473409
VIII,Héctor Hugo Pérez Aguilera,titular,2021,2026,Consejo Universitario Superior de la Universidad de San Carlos de Guatemala,wikipedia:175473409
VIII,Néster Mauricio Vásquez Pimentel,titular,2021,2026,Asamblea General del Colegio de Abogados y Notarios de Guatemala,wikipedia:175473409
VIII,Leyla Susana Lemus Arriaga,titular,2021,2026,Presidente de la República de Guatemala en Consejo de Ministros,wikipedia:175473409
VIII,Roberto Molina Barreto,titular,2021,2026,Pleno de la Corte Suprema de Justicia,wikipedia:175473409
VIII,Dina Josefina Ochoa Escribá,titular,2021,2026,Pleno del Congreso de la República de Guatemala,wikipedia:175473409
VIII,Rony Eulalio López Contreras,suplente,2021,2026,Consejo Universitario Superior de la Universidad de San Carlos de Guatemala,wikipedia:175473409
VIII,Claudia Elizabeth Paniagua Pérez,suplente,2021,2026,Asamblea General del Colegio de Abogados y Notarios de Guatemala,wikipedia:175473409
VIII,Walter Paulino Jiménez Texaj,suplente,2021,2026,Pleno de la Corte Suprema de Justicia,wikipedia:175473409
VIII,Juan José Samayoa Villatoro,suplente,2021,2026,Presidente de la República de Guatemala en Consejo de Ministros,wikipedia:175473409
VIII,Luis Alfonso Rosales Marroquín,suplente,2021,2026,Pleno del Congreso de la República de Guatemala,wikipedia:175473409
IX,Julia Marisol Rivera Aguilar,titular,2026,2031,Consejo Universitario Superior de la Universidad de San Carlos de Guatemala,wikipedia:175473409
IX,Astrid Jeannette Lemus Rodríguez,titular,2026,2031,Asamblea General del Colegio de Abogados y Notarios de Guatemala,wikipedia:175473409
IX,Gladys Annabella Morfín Mansilla,titular,2026,2031,Presidente de la República de Guatemala en Consejo de Ministros,wikipedia:175473409
IX,Dina Josefina Ochoa Escribá,titular,2026,2031,Pleno de la Corte Suprema de Justicia,wikipedia:175473409
IX,Roberto Molina Barreto,titular,2026,2031,Pleno del Congreso de la República de Guatemala,wikipedia:175473409
IX,José Luis Aguirre Pumay,suplente,2026,2031,Consejo Universitario Superior de la Universidad de San Carlos de Guatemala,wikipedia:175473409
IX,Luis Fernando Bermejo Quiñónez,suplente,2026,2031,Asamblea General del Colegio de Abogados y Notarios de Guatemala,wikipedia:175473409
IX,Claudia Elizabeth Paniagua Pérez,suplente,2026,2031,Pleno de la Corte Suprema de Justicia,wikipedia:175473409
IX,María Magdalena Jocholá Tujal,suplente,2026,2031,Presidente de la República de Guatemala en Consejo de Ministros,wikipedia:175473409
IX,Luis Alfonso Rosales Marroquín,suplente,2026,2031,Pleno del Congreso de la República de Guatemala,wikipedia:175473409
VIII,José Francisco De Mata Vela,titular,2021,2022,Consejo Superior Universitario de la Universidad de San Carlos de Guatemala,firmas CC: firma sentencias de 2021-04 a 2022-07-13 en la muestra; Wikipedia no lo lista en la VIII
VI,Manuel Duarte Barrera,titular,2015,2016,,firmas CC: firma en 2015 en el puesto que Wikipedia da como vacante; designante no verificado
